<?xml version="1.0" encoding="UTF-8"?>
<portal-config xmlns="http://www.gatein.org/xml/ns/gatein_objects_1_7" xmlns:xsi="http://www.w3.org/2001/XMLSchema-instance" xsi:schemaLocation="http://www.gatein.org/xml/ns/gatein_objects_1_7 http://www.gatein.org/xml/ns/gatein_objects_1_7">
   <portal-name>/platform/administrators</portal-name>
   <locale>en</locale>
   <access-permissions>*:/platform/administrators</access-permissions>
   <edit-permission>manager:/platform/administrators</edit-permission>
   <skin>Default</skin>
   <properties>
      <entry key="template">group</entry>
      <entry key="viewport">initial-scale=1.0</entry>
      <entry key="sessionAlive">onDemand</entry>
   </properties>
   <portal-layout>
      <move-apps-permissions>Everyone</move-apps-permissions>
      <move-containers-permissions>Everyone</move-containers-permissions>
      <portlet-application>
         <portlet>
            <application-ref>web</application-ref>
            <portlet-ref>LogoPortlet</portlet-ref>
            <preferences>
               <preference>
                  <name>url</name>
                  <value>/eXoResources/skin/sharedImages/GroupIcon.png</value>
                  <read-only>false</read-only>
               </preference>
            </preferences>
         </portlet>
         <access-permissions>Everyone</access-permissions>
         <show-info-bar>false</show-info-bar>
         <show-application-state>true</show-application-state>
         <show-application-mode>true</show-application-mode>
      </portlet-application>
      <portlet-application>
         <portlet>
            <application-ref>web</application-ref>
            <portlet-ref>NavigationPortlet</portlet-ref>
            <preferences>
               <preference>
                  <name>useAJAX</name>
                  <value>false</value>
                  <read-only>false</read-only>
               </preference>
               <preference>
                  <name>CSSClassName</name>
                  <value>GroupNavigation</value>
                  <read-only>true</read-only>
               </preference>
            </preferences>
         </portlet>
         <access-permissions>Everyone</access-permissions>
         <show-info-bar>false</show-info-bar>
         <show-application-state>true</show-application-state>
         <show-application-mode>true</show-application-mode>
      </portlet-application>
      <page-body></page-body>
      <portlet-application>
         <portlet>
            <application-ref>web</application-ref>
            <portlet-ref>FooterPortlet</portlet-ref>
            <preferences>
               <preference>
                  <name>template</name>
                  <value>par:/groovy/groovy/webui/component/UIFooterPortlet.gtmpl</value>
                  <read-only>false</read-only>
               </preference>
            </preferences>
         </portlet>
         <access-permissions>Everyone</access-permissions>
         <show-info-bar>false</show-info-bar>
         <show-application-state>true</show-application-state>
         <show-application-mode>true</show-application-mode>
      </portlet-application>
   </portal-layout>
</portal-config>