<?xml version="1.0" encoding="UTF-8"?>
<node-navigation xmlns="http://www.gatein.org/xml/ns/gatein_objects_1_7" xmlns:xsi="http://www.w3.org/2001/XMLSchema-instance" xsi:schemaLocation="http://www.gatein.org/xml/ns/gatein_objects_1_7 http://www.gatein.org/xml/ns/gatein_objects_1_7">
   <priority>2</priority>
   <page-nodes>
      <node>
         <name>administration</name>
         <label>#{administration.title}</label>
         <visibility>DISPLAYED</visibility>
         <node>
            <name>registry</name>
            <label>#{administration.application-registry}</label>
            <visibility>DISPLAYED</visibility>
            <page-reference>group::/platform/administrators::registry</page-reference>
         </node>
         <node>
            <name>pageManagement</name>
            <label>#{administration.pageManagement}</label>
            <visibility>DISPLAYED</visibility>
            <page-reference>group::/platform/administrators::pageManagement</page-reference>
         </node>
         <node>
            <name>servicesManagement</name>
            <label>#{administration.serviceManagement}</label>
            <visibility>DISPLAYED</visibility>
            <page-reference>group::/platform/administrators::servicesManagement</page-reference>
         </node>
         <node>
            <name>siteRedirects</name>
            <label>#{administration.siteRedirectAndExportImport}</label>
            <visibility>DISPLAYED</visibility>
            <page-reference>group::/platform/administrators::siteRedirects</page-reference>
         </node>
      </node>
   </page-nodes>
</node-navigation>