<?xml version="1.0" encoding="UTF-8"?>
<page-set xmlns="http://www.gatein.org/xml/ns/gatein_objects_1_7" xmlns:xsi="http://www.w3.org/2001/XMLSchema-instance" xsi:schemaLocation="http://www.gatein.org/xml/ns/gatein_objects_1_7 http://www.gatein.org/xml/ns/gatein_objects_1_7">
   <page>
      <name>newAccount</name>
      <title>New Account</title>
      <access-permissions>manager:/platform/administrators</access-permissions>
      <edit-permission>manager:/platform/administrators</edit-permission>
      <show-max-window>false</show-max-window>
      <move-apps-permissions>Everyone</move-apps-permissions>
      <move-containers-permissions>Everyone</move-containers-permissions>
      <portlet-application>
         <portlet>
            <application-ref>exoadmin</application-ref>
            <portlet-ref>AccountPortlet</portlet-ref>
         </portlet>
         <title>New Account</title>
         <access-permissions>manager:/platform/administrators</access-permissions>
         <show-info-bar>false</show-info-bar>
         <show-application-state>true</show-application-state>
         <show-application-mode>true</show-application-mode>
      </portlet-application>
   </page>
   <page>
      <name>communityManagement</name>
      <title>Community Management</title>
      <access-permissions>manager:/platform/administrators</access-permissions>
      <edit-permission>manager:/platform/administrators</edit-permission>
      <show-max-window>false</show-max-window>
      <move-apps-permissions>Everyone</move-apps-permissions>
      <move-containers-permissions>Everyone</move-containers-permissions>
      <portlet-application>
         <portlet>
            <application-ref>exoadmin</application-ref>
            <portlet-ref>OrganizationPortlet</portlet-ref>
         </portlet>
         <title>Community Management</title>
         <access-permissions>manager:/platform/administrators</access-permissions>
         <show-info-bar>false</show-info-bar>
         <show-application-state>true</show-application-state>
         <show-application-mode>true</show-application-mode>
      </portlet-application>
   </page>
   <page>
      <name>registry</name>
      <title>Registry</title>
      <access-permissions>manager:/platform/administrators</access-permissions>
      <edit-permission>manager:/platform/administrators</edit-permission>
      <show-max-window>false</show-max-window>
      <move-apps-permissions>Everyone</move-apps-permissions>
      <move-containers-permissions>Everyone</move-containers-permissions>
      <portlet-application>
         <portlet>
            <application-ref>exoadmin</application-ref>
            <portlet-ref>ApplicationRegistryPortlet</portlet-ref>
         </portlet>
         <title>Application Registry</title>
         <access-permissions>manager:/platform/administrators</access-permissions>
         <show-info-bar>false</show-info-bar>
         <show-application-state>true</show-application-state>
         <show-application-mode>true</show-application-mode>
      </portlet-application>
   </page>
   <page>
      <name>pageManagement</name>
      <title>Page Management</title>
      <access-permissions>manager:/platform/administrators</access-permissions>
      <edit-permission>manager:/platform/administrators</edit-permission>
      <show-max-window>false</show-max-window>
      <move-apps-permissions>Everyone</move-apps-permissions>
      <move-containers-permissions>Everyone</move-containers-permissions>
      <portlet-application>
         <portlet>
            <application-ref>exoadmin</application-ref>
            <portlet-ref>PageManagementPortlet</portlet-ref>
         </portlet>
         <title>Page Management</title>
         <access-permissions>manager:/platform/administrators</access-permissions>
         <show-info-bar>false</show-info-bar>
         <show-application-state>true</show-application-state>
         <show-application-mode>true</show-application-mode>
      </portlet-application>
   </page>
   <page>
      <name>servicesManagement</name>
      <title>Services Management</title>
      <access-permissions>manager:/platform/administrators</access-permissions>
      <edit-permission>manager:/platform/administrators</edit-permission>
      <show-max-window>false</show-max-window>
      <move-apps-permissions>Everyone</move-apps-permissions>
      <move-containers-permissions>Everyone</move-containers-permissions>
      <gadget-application>
         <gadget>
            <gadget-ref>ServicesManagement</gadget-ref>
         </gadget>
         <title>Services Management</title>
         <access-permissions>manager:/platform/administrators</access-permissions>
         <show-info-bar>false</show-info-bar>
         <show-application-state>true</show-application-state>
         <show-application-mode>true</show-application-mode>
      </gadget-application>
   </page>
   <page>
      <name>siteRedirects</name>
      <title>Site Redirects and Import/Export</title>
      <access-permissions>manager:/platform/administrators</access-permissions>
      <edit-permission>manager:/platform/administrators</edit-permission>
      <show-max-window>false</show-max-window>
      <move-apps-permissions>Everyone</move-apps-permissions>
      <move-containers-permissions>Everyone</move-containers-permissions>
      <portlet-application>
         <portlet>
            <application-ref>redirect-admin</application-ref>
            <portlet-ref>RedirectsAndImportExportAdminPortlet</portlet-ref>
         </portlet>
         <title>Site Redirects and Export/Import</title>
         <access-permissions>manager:/platform/administrators</access-permissions>
         <show-info-bar>false</show-info-bar>
         <show-application-state>true</show-application-state>
         <show-application-mode>true</show-application-mode>
      </portlet-application>
   </page>
</page-set>