<?xml version="1.0" encoding="UTF-8"?>
<node-navigation xmlns="http://www.gatein.org/xml/ns/gatein_objects_1_7" xmlns:xsi="http://www.w3.org/2001/XMLSchema-instance" xsi:schemaLocation="http://www.gatein.org/xml/ns/gatein_objects_1_7 http://www.gatein.org/xml/ns/gatein_objects_1_7">
   <priority>5</priority>
   <page-nodes>
      <node>
         <name>organization</name>
         <label>#{organization.title}</label>
         <visibility>DISPLAYED</visibility>
         <node>
            <name>newStaff</name>
            <label>#{organization.newstaff}</label>
            <visibility>DISPLAYED</visibility>
            <page-reference>group::/organization/management/executive-board::newStaff</page-reference>
         </node>
         <node>
            <name>management</name>
            <label>#{organization.management}</label>
            <visibility>DISPLAYED</visibility>
            <page-reference>group::/organization/management/executive-board::management</page-reference>
         </node>
      </node>
   </page-nodes>
</node-navigation>