<?xml version="1.0" encoding="UTF-8"?>
<page-set xmlns="http://www.gatein.org/xml/ns/gatein_objects_1_7" xmlns:xsi="http://www.w3.org/2001/XMLSchema-instance" xsi:schemaLocation="http://www.gatein.org/xml/ns/gatein_objects_1_7 http://www.gatein.org/xml/ns/gatein_objects_1_7">
   <page>
      <name>newStaff</name>
      <title>New Staff</title>
      <access-permissions>*:/organization/management/executive-board</access-permissions>
      <edit-permission>manager:/organization/management/executive-board</edit-permission>
      <show-max-window>false</show-max-window>
      <move-apps-permissions>Everyone</move-apps-permissions>
      <move-containers-permissions>Everyone</move-containers-permissions>
      <portlet-application>
         <portlet>
            <application-ref>exoadmin</application-ref>
            <portlet-ref>AccountPortlet</portlet-ref>
         </portlet>
         <title>New Staff</title>
         <access-permissions>*:/organization/management/executive-board</access-permissions>
         <show-info-bar>false</show-info-bar>
         <show-application-state>false</show-application-state>
         <show-application-mode>true</show-application-mode>
      </portlet-application>
   </page>
   <page>
      <name>management</name>
      <title>Organization Management</title>
      <access-permissions>*:/organization/management/executive-board</access-permissions>
      <edit-permission>manager:/organization/management/executive-board</edit-permission>
      <show-max-window>false</show-max-window>
      <move-apps-permissions>Everyone</move-apps-permissions>
      <move-containers-permissions>Everyone</move-containers-permissions>
      <portlet-application>
         <portlet>
            <application-ref>exoadmin</application-ref>
            <portlet-ref>OrganizationPortlet</portlet-ref>
         </portlet>
         <title>Organization Management</title>
         <access-permissions>*:/organization/management/executive-board</access-permissions>
         <show-info-bar>false</show-info-bar>
         <show-application-state>true</show-application-state>
         <show-application-mode>true</show-application-mode>
      </portlet-application>
   </page>
</page-set>