<?xml version="1.0" encoding="UTF-8"?>
<beans xmlns="http://www.springframework.org/schema/beans"
	xmlns:xsi="http://www.w3.org/2001/XMLSchema-instance" xmlns:aop="http://www.springframework.org/schema/aop"
	xmlns:tx="http://www.springframework.org/schema/tx" xmlns:jdbc="http://www.springframework.org/schema/jdbc"
	xmlns:context="http://www.springframework.org/schema/context"
	xmlns:task="http://www.springframework.org/schema/task"
	xmlns:p="http://www.springframework.org/schema/p"
	xsi:schemaLocation="http://www.springframework.org/schema/context
     			http://www.springframework.org/schema/context/spring-context-3.0.xsd
     			http://www.springframework.org/schema/beans http://www.springframework.org/schema/beans/spring-beans-3.0.xsd
     			http://www.springframework.org/schema/jdbc http://www.springframework.org/schema/jdbc/spring-jdbc-3.0.xsd
    			http://www.springframework.org/schema/tx http://www.springframework.org/schema/tx/spring-tx-3.0.xsd
     			http://www.springframework.org/schema/aop http://www.springframework.org/schema/aop/spring-aop-3.0.xsd
     			http://www.springframework.org/schema/task http://www.springframework.org/schema/task/spring-task-3.0.xsd">
	
	<!-- redis的连接池pool -->
	<bean id="jedisPoolConfig" class="redis.clients.jedis.JedisPoolConfig">
		<property name="maxTotal" value="${redis.maxactive}" />
		<property name="maxIdle" value="${redis.maxidle}" />
		<property name="maxWaitMillis" value="${redis.maxwait}" />
		<property name="testOnBorrow" value="${redis.testOnBorrow}" />
		<property name="testOnReturn" value="${redis.testOnReturn}"/>  
	</bean>
	<bean id="jedisPool" class="redis.clients.jedis.JedisPool">
		<constructor-arg index="0" ref="jedisPoolConfig" />
		<constructor-arg index="1" value="${redis.ip}" type="java.lang.String"/>
		<constructor-arg index="2" value="${redis.port}"/>
		<constructor-arg index="3" value="${redis.timeout}"/>
	</bean>
	
	<!-- redis工具类，由于是静态变量所以需要写入配置文件，无法用注解形式加载 -->
	<bean id="jedisCilent" class="com.cmri.common.redis.JedisCilent">
       <property name="jedisPool">
   			<ref bean="jedisPool"/>
   		</property>
	</bean> 
	
</beans>