<?xml version="1.0" encoding="UTF-8"?>
<beans xmlns="http://www.springframework.org/schema/beans"
	xmlns:xsi="http://www.w3.org/2001/XMLSchema-instance" xmlns:aop="http://www.springframework.org/schema/aop"
	xmlns:tx="http://www.springframework.org/schema/tx" xmlns:jdbc="http://www.springframework.org/schema/jdbc"
	xmlns:context="http://www.springframework.org/schema/context"
	xmlns:task="http://www.springframework.org/schema/task"
	xsi:schemaLocation="http://www.springframework.org/schema/context
     			http://www.springframework.org/schema/context/spring-context-3.0.xsd
     			http://www.springframework.org/schema/beans http://www.springframework.org/schema/beans/spring-beans-3.0.xsd
     			http://www.springframework.org/schema/jdbc http://www.springframework.org/schema/jdbc/spring-jdbc-3.0.xsd
    			http://www.springframework.org/schema/tx http://www.springframework.org/schema/tx/spring-tx-3.0.xsd
     			http://www.springframework.org/schema/aop http://www.springframework.org/schema/aop/spring-aop-3.0.xsd
     			http://www.springframework.org/schema/task http://www.springframework.org/schema/task/spring-task-3.0.xsd">

	<context:component-scan base-package="com.cmri" />

	<bean id="basePropertyPlaceHolder"
		class="org.springframework.beans.factory.config.PropertyPlaceholderConfigurer"
		lazy-init="true">
		<property name="systemPropertiesModeName" value="SYSTEM_PROPERTIES_MODE_OVERRIDE" />
		<property name="ignoreResourceNotFound" value="true" />
		<property name="locations">
			<list>
				<value>classpath*:/properties/jdbc.properties</value>
				<value>classpath*:/properties/redis.properties</value>
			</list>
		</property>
	</bean>
<!--      <bean id="multipartResolver" class="org.springframework.web.multipart.commons.CommonsMultipartResolver">    -->
<!--     	<property name="maxUploadSize" value="10485760" />   -->
<!--  	</bean>  -->
</beans>