<?xml version="1.0" encoding="UTF-8"?>
<beans xmlns="http://www.springframework.org/schema/beans"
	xmlns:mvc="http://www.springframework.org/schema/mvc" xmlns:xsi="http://www.w3.org/2001/XMLSchema-instance"
	xmlns:p="http://www.springframework.org/schema/p" xmlns:context="http://www.springframework.org/schema/context"
	xmlns:aop="http://www.springframework.org/schema/aop"
	xsi:schemaLocation="http://www.springframework.org/schema/beans 
http://www.springframework.org/schema/beans/spring-beans-3.0.xsd 
http://www.springframework.org/schema/context 
http://www.springframework.org/schema/context/spring-context-3.0.xsd 
http://www.springframework.org/schema/aop 
http://www.springframework.org/schema/aop/spring-aop-3.0.xsd
http://www.springframework.org/schema/mvc 
http://www.springframework.org/schema/mvc/spring-mvc-3.0.xsd">

	<!-- 不拦截静态资源 -->
	<mvc:annotation-driven/>  
	<mvc:resources location="/*" mapping="/**"/> 
	
	<!-- 自动扫描controller包下的所有类，使其认为spring mvc的控制器 -->
	<context:component-scan base-package="com.cmri.ots.sso" />

	<aop:aspectj-autoproxy />
	<!-- 避免IE执行AJAX时,返回JSON出现下载文件 -->
	<bean id="mappingJacksonHttpMessageConverter"
		class="org.springframework.http.converter.json.MappingJacksonHttpMessageConverter">
		<property name="supportedMediaTypes">
			<list>
				<value>text/html;charset=UTF-8</value>
			</list>
		</property>
	</bean>

	<!-- 启动Spring MVC的注解功能，完成请求和注解POJO的映射 -->
	<bean
		class="org.springframework.web.servlet.mvc.annotation.AnnotationMethodHandlerAdapter">
		<property name="messageConverters">
			<list>
				<ref bean="mappingJacksonHttpMessageConverter" /><!-- json转换器 -->
			</list>
		</property>
	</bean>

	<!-- 对模型视图名称的解析，即在模型视图名称添加前后缀 p:prefix中模板放置路径 -->
	<bean id="velocityConfig"
		class="org.springframework.web.servlet.view.velocity.VelocityConfigurer">
		<property name="resourceLoaderPath" value="/view/" />
		<property name="velocityProperties">    
        <props>    
            <prop  key="input.encoding">UTF-8</prop>    
            <prop  key="output.encoding">UTF-8</prop>      
         </props>    
     </property> 
	</bean>

	<bean id="viewResolver"
		class="org.springframework.web.servlet.view.velocity.VelocityLayoutViewResolver">
		<property name="cache" value="true" />
		<property name="prefix" value="" />
		<property name="layoutUrl" value="layout.vm" />
		<property name="suffix" value=".vm" />
		<property name="contentType"><value>text/html;charset=UTF-8</value></property>  
	</bean>
	<!-- <bean class="org.springframework.web.servlet.view.InternalResourceViewResolver" 
		p:prefix="/WEB-INF/view/" p:suffix=".jsp" /> -->

	<!-- <bean id="multipartResolver" class="org.springframework.web.multipart.commons.CommonsMultipartResolver"> 
		<property name="defaultEncoding"> <value>UTF-8</value> </property> <property 
		name="maxUploadSize"> <value>32505856</value>上传文件大小限制为31M，31*1024*1024 </property> 
		<property name="maxInMemorySize"> <value>4096</value> </property> </bean> -->
</beans>